run,phase,timestamp,tests_passed,tests_failed,tests_skipped,ruff_issues,coverage_pct
1,pre,2026-02-16 00:28:58,0,0,0,0,N/A
1,post,2026-02-16 00:51:07,0,0,0,0,97
2,pre,2026-02-16 00:53:58,0,0,0,0,N/A
2,post,2026-02-16 01:08:00,0,0,0,0,97
3,pre,2026-02-16 01:10:53,0,0,0,0,N/A
3,post,2026-02-16 01:11:49,0,0,0,0,97
4,pre,2026-02-16 01:14:36,0,0,0,0,N/A
4,post,2026-02-16 01:15:33,0,0,0,0,97
5,pre,2026-02-16 01:18:21,0,0,0,0,N/A
5,post,2026-02-16 01:19:18,0,0,0,0,97
6,pre,2026-02-16 01:22:06,0,0,0,0,N/A
6,post,2026-02-16 01:23:03,0,0,0,0,97
7,pre,2026-02-16 01:25:50,0,0,0,0,N/A
7,post,2026-02-16 01:26:47,0,0,0,0,97
8,pre,2026-02-16 01:29:35,0,0,0,0,N/A
8,post,2026-02-16 01:30:32,0,0,0,0,97
9,pre,2026-02-16 01:33:19,0,0,0,0,N/A
9,post,2026-02-16 01:34:16,0,0,0,0,97
10,pre,2026-02-16 01:37:03,0,0,0,0,N/A
10,post,2026-02-16 01:38:00,0,0,0,0,97
11,pre,2026-02-16 01:40:48,0,0,0,0,N/A
11,post,2026-02-16 01:41:45,0,0,0,0,97
12,pre,2026-02-16 01:44:33,0,0,0,0,N/A
12,post,2026-02-16 01:45:30,0,0,0,0,97
13,pre,2026-02-16 01:48:17,0,0,0,0,N/A
13,post,2026-02-16 01:49:14,0,0,0,0,97
14,pre,2026-02-16 01:52:02,0,0,0,0,N/A
14,post,2026-02-16 01:52:58,0,0,0,0,97
15,pre,2026-02-16 01:55:47,0,0,0,0,N/A
15,post,2026-02-16 01:56:43,0,0,0,0,97
16,pre,2026-02-16 01:59:32,0,0,0,0,N/A
16,post,2026-02-16 02:00:28,0,0,0,0,97
17,pre,2026-02-16 02:03:15,0,0,0,0,N/A
17,post,2026-02-16 02:04:12,0,0,0,0,97
18,pre,2026-02-16 02:07:00,0,0,0,0,N/A
18,post,2026-02-16 02:07:57,0,0,0,0,97
19,pre,2026-02-16 02:10:44,0,0,0,0,N/A
19,post,2026-02-16 02:11:41,0,0,0,0,97
20,pre,2026-02-16 02:14:29,0,0,0,0,N/A
20,post,2026-02-16 02:15:26,0,0,0,0,97
21,pre,2026-02-16 02:18:13,0,0,0,0,N/A
21,post,2026-02-16 02:19:14,0,0,0,0,97
22,pre,2026-02-16 02:22:02,0,0,0,0,N/A
22,post,2026-02-16 02:22:59,0,0,0,0,97
23,pre,2026-02-16 02:25:46,0,0,0,0,N/A
23,post,2026-02-16 02:26:43,0,0,0,0,97
24,pre,2026-02-16 02:29:31,0,0,0,0,N/A
24,post,2026-02-16 02:30:29,0,0,0,0,97
25,pre,2026-02-16 02:33:17,0,0,0,0,N/A
25,post,2026-02-16 02:34:14,0,0,0,0,97
26,pre,2026-02-16 02:37:02,0,0,0,0,N/A
26,post,2026-02-16 02:37:58,0,0,0,0,97
27,pre,2026-02-16 02:40:47,0,0,0,0,N/A
27,post,2026-02-16 02:41:44,0,0,0,0,97
28,pre,2026-02-16 02:44:31,0,0,0,0,N/A
28,post,2026-02-16 02:45:29,0,0,0,0,97
29,pre,2026-02-16 02:48:17,0,0,0,0,N/A
29,post,2026-02-16 02:49:14,0,0,0,0,97
30,pre,2026-02-16 02:52:02,0,0,0,0,N/A
30,post,2026-02-16 02:52:58,0,0,0,0,97
31,pre,2026-02-16 02:55:46,0,0,0,0,N/A
31,post,2026-02-16 02:56:43,0,0,0,0,97
32,pre,2026-02-16 02:59:31,0,0,0,0,N/A
32,post,2026-02-16 03:00:28,0,0,0,0,97
33,pre,2026-02-16 03:03:16,0,0,0,0,N/A
33,post,2026-02-16 03:04:13,0,0,0,0,97
34,pre,2026-02-16 03:07:02,0,0,0,0,N/A
34,post,2026-02-16 03:07:58,0,0,0,0,97
35,pre,2026-02-16 03:10:46,0,0,0,0,N/A
35,post,2026-02-16 03:11:43,0,0,0,0,97
36,pre,2026-02-16 03:14:31,0,0,0,0,N/A
36,post,2026-02-16 03:15:28,0,0,0,0,97
